{
    "epoch": [
        0,
        1,
        2,
        3,
        4,
        5,
        6,
        0,
        1,
        0,
        1,
        2,
        3,
        4,
        5,
        6,
        7,
        8,
        9
    ],
    "training_loss": [
        0.09511713683605194,
        0.014051225036382675,
        0.005193166434764862,
        0.0020154635421931744,
        0.0009299474768340588,
        0.0007196979713626206,
        0.0005991100915707648,
        0.01663702167570591,
        0.0011378355557098985,
        0.16353243589401245,
        0.0535241961479187,
        0.03126063197851181,
        0.02285335585474968,
        0.018610535189509392,
        0.013381666503846645,
        0.013846375979483128,
        0.010523701086640358,
        0.00944188516587019,
        0.00843333825469017
    ],
    "validation_loss": [
        0.1279267817735672,
        0.004162285476922989,
        0.00660865381360054,
        0.058849137276411057,
        0.008570794016122818,
        0.002142864977940917,
        0.0018606428056955338,
        0.0011836489429697394,
        0.0027558915317058563,
        1.5519688129425049,
        0.345183789730072,
        0.05799493193626404,
        0.015678904950618744,
        0.007788339164108038,
        0.00782867707312107,
        0.007478301879018545,
        0.007291455753147602,
        0.00692560151219368,
        0.0075502414256334305
    ],
    "training_cls_acc": [
        0.0,
        0.0,
        0.0,
        0.0,
        0.0,
        0.0,
        0.0,
        0.0,
        0.0,
        0.0,
        0.0,
        0.0,
        0.0,
        0.0,
        0.0,
        0.0,
        0.0,
        0.0,
        0.0
    ],
    "validation_cls_acc": [
        0.0,
        0.0,
        0.0,
        0.0,
        0.0,
        0.0,
        0.0,
        0.0,
        0.0,
        0.0,
        0.0,
        0.0,
        0.0,
        0.0,
        0.0,
        0.0,
        0.0,
        0.0,
        0.0
    ],
    "training_reg_mae": [
        0.31336355209350586,
        0.10691695660352707,
        0.05911184847354889,
        0.03854949399828911,
        0.02636861242353916,
        0.022490762174129486,
        0.01991972327232361,
        0.09237875044345856,
        0.028659557923674583,
        0.44319799542427063,
        0.2258101999759674,
        0.1581333428621292,
        0.12120164930820465,
        0.10062063485383987,
        0.07461436092853546,
        0.0737718716263771,
        0.05310211703181267,
        0.044369056820869446,
        0.036847129464149475
    ],
    "validation_reg_mae": [
        0.4545999765396118,
        0.07096558809280396,
        0.06645125895738602,
        0.28273850679397583,
        0.0872633308172226,
        0.032438974827528,
        0.05449854955077171,
        0.0323636569082737,
        0.060016732662916183,
        2.033862829208374,
        0.6249750256538391,
        0.17687375843524933,
        0.09465286880731583,
        0.043838828802108765,
        0.03653595224022865,
        0.03500944748520851,
        0.031557347625494,
        0.023202838376164436,
        0.03943401202559471
    ],
    "training_reg_r2": [
        0,
        0,
        0,
        0,
        0,
        0,
        0,
        0,
        0,
        0,
        0,
        0,
        0,
        0,
        0,
        0,
        0,
        0,
        0
    ],
    "validation_reg_r2": [
        0,
        0,
        0,
        0,
        0,
        0,
        0,
        0,
        0,
        0,
        0,
        0,
        0,
        0,
        0,
        0,
        0,
        0,
        0
    ],
    "learning_rate": [
        0,
        0,
        0,
        0,
        0,
        0,
        0,
        0,
        0,
        0,
        0,
        0,
        0,
        0,
        0,
        0,
        0,
        0,
        0
    ],
    "gpu_memory_usage": [
        796.0,
        796.0,
        796.0,
        796.0,
        796.0,
        796.0,
        796.0,
        795.0,
        795.0,
        811.0,
        811.0,
        811.0,
        811.0,
        811.0,
        811.0,
        811.0,
        811.0,
        811.0,
        811.0
    ],
    "batch_time": [
        1760437955.5554357,
        1760437979.3743868,
        1760438002.5877156,
        1760438026.5232072,
        1760438049.9580626,
        1760438074.2297552,
        1760438098.255579,
        1760438175.853266,
        1760438218.4919574,
        1760438286.8950582,
        1760438298.8963294,
        1760438311.399726,
        1760438324.1731145,
        1760438338.2821622,
        1760438351.0582778,
        1760438363.5573857,
        1760438375.8338516,
        1760438389.3012679,
        1760438402.088316
    ]
}